delivery_day,timestamp_utc,hour,price
2026-10-07,2026-10-06T22:00:00Z,0,190.39
2026-10-07,2026-10-06T23:00:00Z,1,182.0575
2026-10-07,2026-10-07T00:00:00Z,2,170.60500000000002
2026-10-07,2026-10-07T01:00:00Z,3,167.12
2026-10-07,2026-10-07T02:00:00Z,4,159.5
2026-10-07,2026-10-07T03:00:00Z,5,166.7175
2026-10-07,2026-10-07T04:00:00Z,6,196.7875
2026-10-07,2026-10-07T05:00:00Z,7,242.79
2026-10-07,2026-10-07T06:00:00Z,8,253.5725
2026-10-07,2026-10-07T07:00:00Z,9,224.2725
2026-10-07,2026-10-07T08:00:00Z,10,191.3175
2026-10-07,2026-10-07T09:00:00Z,11,170.595
2026-10-07,2026-10-07T10:00:00Z,12,175.8175
2026-10-07,2026-10-07T11:00:00Z,13,148.9
2026-10-07,2026-10-07T12:00:00Z,14,150.275
2026-10-07,2026-10-07T13:00:00Z,15,159.3225
2026-10-07,2026-10-07T14:00:00Z,16,169.78
2026-10-07,2026-10-07T15:00:00Z,17,196.6825
2026-10-07,2026-10-07T16:00:00Z,18,233.515
2026-10-07,2026-10-07T17:00:00Z,19,241.03
2026-10-07,2026-10-07T18:00:00Z,20,209.325
2026-10-07,2026-10-07T19:00:00Z,21,179.8625
2026-10-07,2026-10-07T20:00:00Z,22,177.99
2026-10-07,2026-10-07T21:00:00Z,23,149.53
2026-10-08,2026-10-07T22:00:00Z,0,128.5575
2026-10-08,2026-10-07T23:00:00Z,1,93.7425
2026-10-08,2026-10-08T00:00:00Z,2,36.0675
2026-10-08,2026-10-08T01:00:00Z,3,13.745
2026-10-08,2026-10-08T02:00:00Z,4,6.555
2026-10-08,2026-10-08T03:00:00Z,5,32.3375
2026-10-08,2026-10-08T04:00:00Z,6,120.4475
2026-10-08,2026-10-08T05:00:00Z,7,168.7525
2026-10-08,2026-10-08T06:00:00Z,8,195.5175
2026-10-08,2026-10-08T07:00:00Z,9,173.6925
2026-10-08,2026-10-08T08:00:00Z,10,95.31
2026-10-08,2026-10-08T09:00:00Z,11,56.285
2026-10-08,2026-10-08T10:00:00Z,12,38.7775
2026-10-08,2026-10-08T11:00:00Z,13,2.3
2026-10-08,2026-10-08T12:00:00Z,14,22.832500000000003
2026-10-08,2026-10-08T13:00:00Z,15,26.5825
2026-10-08,2026-10-08T14:00:00Z,16,74.0625
2026-10-08,2026-10-08T15:00:00Z,17,148.235
2026-10-08,2026-10-08T16:00:00Z,18,200.16
2026-10-08,2026-10-08T17:00:00Z,19,235.05
2026-10-08,2026-10-08T18:00:00Z,20,205.6
2026-10-08,2026-10-08T19:00:00Z,21,185.835
2026-10-08,2026-10-08T20:00:00Z,22,171.8525
2026-10-08,2026-10-08T21:00:00Z,23,159.685
2026-10-09,2026-10-08T22:00:00Z,0,118.4125
2026-10-09,2026-10-08T23:00:00Z,1,98.7775
2026-10-09,2026-10-09T00:00:00Z,2,70.28750000000001
2026-10-09,2026-10-09T01:00:00Z,3,53.2575
2026-10-09,2026-10-09T02:00:00Z,4,33.19
2026-10-09,2026-10-09T03:00:00Z,5,37.9075
2026-10-09,2026-10-09T04:00:00Z,6,85.2675
2026-10-09,2026-10-09T05:00:00Z,7,143.1325
2026-10-09,2026-10-09T06:00:00Z,8,157.755
2026-10-09,2026-10-09T07:00:00Z,9,120.8975
2026-10-09,2026-10-09T08:00:00Z,10,94.6975
2026-10-09,2026-10-09T09:00:00Z,11,63.8025
2026-10-09,2026-10-09T10:00:00Z,12,44.3775
2026-10-09,2026-10-09T11:00:00Z,13,18.9775
2026-10-09,2026-10-09T12:00:00Z,14,31.495
2026-10-09,2026-10-09T13:00:00Z,15,16.45
2026-10-09,2026-10-09T14:00:00Z,16,21.325
2026-10-09,2026-10-09T15:00:00Z,17,60.1575
2026-10-09,2026-10-09T16:00:00Z,18,104.335
2026-10-09,2026-10-09T17:00:00Z,19,126.395
2026-10-09,2026-10-09T18:00:00Z,20,108.5725
2026-10-09,2026-10-09T19:00:00Z,21,88.0375
2026-10-09,2026-10-09T20:00:00Z,22,74.4975
2026-10-09,2026-10-09T21:00:00Z,23,41.39
2026-10-10,2026-10-09T22:00:00Z,0,27.25
2026-10-10,2026-10-09T23:00:00Z,1,24.425
2026-10-10,2026-10-10T00:00:00Z,2,24.69
2026-10-10,2026-10-10T01:00:00Z,3,26.1825
2026-10-10,2026-10-10T02:00:00Z,4,11.182500000000001
2026-10-10,2026-10-10T03:00:00Z,5,24.06
2026-10-10,2026-10-10T04:00:00Z,6,33.3275
2026-10-10,2026-10-10T05:00:00Z,7,44.0525
2026-10-10,2026-10-10T06:00:00Z,8,59.2425
2026-10-10,2026-10-10T07:00:00Z,9,47.0375
2026-10-10,2026-10-10T08:00:00Z,10,26.0825
2026-10-10,2026-10-10T09:00:00Z,11,0.885
2026-10-10,2026-10-10T10:00:00Z,12,1.17
2026-10-10,2026-10-10T11:00:00Z,13,0.0
2026-10-10,2026-10-10T12:00:00Z,14,0.0
2026-10-10,2026-10-10T13:00:00Z,15,-0.01
2026-10-10,2026-10-10T14:00:00Z,16,-0.005
2026-10-10,2026-10-10T15:00:00Z,17,29.060000000000002
2026-10-10,2026-10-10T16:00:00Z,18,137.185
2026-10-10,2026-10-10T17:00:00Z,19,173.0975
2026-10-10,2026-10-10T18:00:00Z,20,151.14000000000001
2026-10-10,2026-10-10T19:00:00Z,21,133.7175
2026-10-10,2026-10-10T20:00:00Z,22,132.25
2026-10-10,2026-10-10T21:00:00Z,23,124.3
2026-10-11,2026-10-10T22:00:00Z,0,121.975
2026-10-11,2026-10-10T23:00:00Z,1,110.525
2026-10-11,2026-10-11T00:00:00Z,2,107.935
2026-10-11,2026-10-11T01:00:00Z,3,106.28
2026-10-11,2026-10-11T02:00:00Z,4,107.6
2026-10-11,2026-10-11T03:00:00Z,5,106.92
2026-10-11,2026-10-11T04:00:00Z,6,112.2775
2026-10-11,2026-10-11T05:00:00Z,7,131.7175
2026-10-11,2026-10-11T06:00:00Z,8,142.7025
2026-10-11,2026-10-11T07:00:00Z,9,122.0425
2026-10-11,2026-10-11T08:00:00Z,10,83.9375
2026-10-11,2026-10-11T09:00:00Z,11,39.8275
2026-10-11,2026-10-11T10:00:00Z,12,30.4325
2026-10-11,2026-10-11T11:00:00Z,13,17.2925
2026-10-11,2026-10-11T12:00:00Z,14,33.2475
2026-10-11,2026-10-11T13:00:00Z,15,69.2425
2026-10-11,2026-10-11T14:00:00Z,16,115.25
2026-10-11,2026-10-11T15:00:00Z,17,197.805
2026-10-11,2026-10-11T16:00:00Z,18,228.1725
2026-10-11,2026-10-11T17:00:00Z,19,234.7875
2026-10-11,2026-10-11T18:00:00Z,20,233.9975
2026-10-11,2026-10-11T19:00:00Z,21,215.9575
2026-10-11,2026-10-11T20:00:00Z,22,201.845
2026-10-11,2026-10-11T21:00:00Z,23,185.3125
