feature_set,hour,n,mae,p10,p25,p50,p75,p90
honest,0,683,15.254355415316022,-27.319283167717465,-15.214248744875785,-1.8992819311890372,8.949103488398453,22.813228899901627
honest,1,683,14.007976829388111,-23.90255042900112,-11.946012873830032,-1.3696569410493993,9.661275203737212,21.505395624015833
honest,2,683,14.108644658070652,-23.633661340141614,-12.256611770078962,-1.330238019015198,10.942500547090242,21.158355569294
honest,3,683,13.388720711373148,-20.365002629755615,-11.10491414830939,0.0036493890414845964,11.103582444759914,21.849939933235774
honest,4,683,13.531652547713044,-20.421126098418167,-9.900415280331895,0.8232202994346665,12.402430361641452,24.648006898640983
honest,5,683,13.85095046722466,-20.65224554900335,-10.558520297005618,0.51006529656064,11.37996750965931,24.62367501717865
honest,6,683,14.738258588888705,-21.701858487648423,-11.222231612385798,-0.051475228042569654,12.422274084057957,24.818737493154405
honest,7,684,17.305419623162468,-27.078392681055483,-13.892985076257517,-0.40838031837321154,13.268981056425876,27.391927857772462
honest,8,684,18.100220761837658,-31.840153313906644,-15.570549811227718,-1.7116676220321372,13.246876570406156,27.20326941201846
honest,9,684,16.334044918041375,-24.3390090893912,-12.205435993815232,0.5988364979966541,13.091103313233166,28.653583741907024
honest,10,684,15.270198823209098,-20.56161443985624,-10.134242014315532,1.671166461982593,13.934577276777544,27.37521731257891
honest,11,684,15.294556652861807,-20.542230387015955,-10.913284946612999,1.3759640430753082,14.099589071588351,27.863169760105365
honest,12,684,14.976957004678537,-22.71851309865888,-10.841332360356635,0.2494751486078458,13.634328343657794,27.00065465192692
honest,13,684,14.8500894937741,-20.26484777983365,-10.950879191923086,0.748991942416648,12.520033359169222,27.354588652247543
honest,14,684,15.237607302674073,-22.073057575383896,-11.081012312619741,0.5049694934176472,12.526351437251042,25.98532277501399
honest,15,684,14.59481788149029,-22.252822111100322,-12.21883866722225,-0.5529049728408518,12.056384549396197,23.818581421646922
honest,16,684,14.549021916324584,-21.42143125031183,-12.761842982581985,-0.20896833459073605,11.815792143018648,23.161111642138117
honest,17,684,15.974767691452143,-22.816796940428073,-11.132227896149239,0.3993972893140093,13.64406111273173,26.996677143049315
honest,18,684,17.489058321911397,-25.441002906097015,-12.54912361227375,1.3814948100960294,14.00999035252657,27.444896590985657
honest,19,684,18.395644070349157,-30.067354636764758,-15.880377389932926,-2.010837102012161,13.570967343248224,27.644128205481277
honest,20,684,17.278968183300613,-26.082469195331957,-14.936279710916601,-1.8469656218215427,11.821793016691966,27.397322496143044
honest,21,684,17.698222261786327,-29.311776237066415,-14.828022171855597,-0.751173558380895,12.359523906699202,27.38334252668163
honest,22,684,15.337312264416987,-24.37330333367373,-14.105596384775858,-1.4568456422620386,10.570193082906592,25.03501283408217
honest,23,684,14.77785551250909,-24.368326878123547,-11.989964748452168,-2.0676035005202245,9.890639742612949,24.13621752416849
