delivery_day,issued_at_utc,kind,train_hours,premarket,timestamp_utc,hour,forecast,naive_day
2026-10-08,2026-10-07T10:05:33Z,test,50542,0,2026-10-07T22:00:00Z,0,147.99,190.39
2026-10-08,2026-10-07T10:05:33Z,test,50542,0,2026-10-07T23:00:00Z,1,137.0,182.0575
2026-10-08,2026-10-07T10:05:33Z,test,50542,0,2026-10-08T00:00:00Z,2,100.55,170.60500000000002
2026-10-08,2026-10-07T10:05:33Z,test,50542,0,2026-10-08T01:00:00Z,3,92.32,167.12
2026-10-08,2026-10-07T10:05:33Z,test,50542,0,2026-10-08T02:00:00Z,4,88.54,159.5
2026-10-08,2026-10-07T10:05:33Z,test,50542,0,2026-10-08T03:00:00Z,5,96.68,166.7175
2026-10-08,2026-10-07T10:05:33Z,test,50542,0,2026-10-08T04:00:00Z,6,141.02,196.78750000000002
2026-10-08,2026-10-07T10:05:33Z,test,50542,0,2026-10-08T05:00:00Z,7,175.31,242.79
2026-10-08,2026-10-07T10:05:33Z,test,50542,0,2026-10-08T06:00:00Z,8,191.03,253.5725
2026-10-08,2026-10-07T10:05:33Z,test,50542,0,2026-10-08T07:00:00Z,9,193.69,224.2725
2026-10-08,2026-10-07T10:05:33Z,test,50542,0,2026-10-08T08:00:00Z,10,178.39,191.3175
2026-10-08,2026-10-07T10:05:33Z,test,50542,0,2026-10-08T09:00:00Z,11,137.75,170.595
2026-10-08,2026-10-07T10:05:33Z,test,50542,0,2026-10-08T10:00:00Z,12,141.82,175.8175
2026-10-08,2026-10-07T10:05:33Z,test,50542,0,2026-10-08T11:00:00Z,13,114.42,148.9
2026-10-08,2026-10-07T10:05:33Z,test,50542,0,2026-10-08T12:00:00Z,14,117.27,150.275
2026-10-08,2026-10-07T10:05:33Z,test,50542,0,2026-10-08T13:00:00Z,15,116.86,159.3225
2026-10-08,2026-10-07T10:05:33Z,test,50542,0,2026-10-08T14:00:00Z,16,115.81,169.78
2026-10-08,2026-10-07T10:05:33Z,test,50542,0,2026-10-08T15:00:00Z,17,153.75,196.6825
2026-10-08,2026-10-07T10:05:33Z,test,50542,0,2026-10-08T16:00:00Z,18,202.81,233.515
2026-10-08,2026-10-07T10:05:33Z,test,50542,0,2026-10-08T17:00:00Z,19,225.68,241.03
2026-10-08,2026-10-07T10:05:33Z,test,50542,0,2026-10-08T18:00:00Z,20,203.4,209.325
2026-10-08,2026-10-07T10:05:33Z,test,50542,0,2026-10-08T19:00:00Z,21,162.42,179.8625
2026-10-08,2026-10-07T10:05:33Z,test,50542,0,2026-10-08T20:00:00Z,22,174.43,177.99
2026-10-08,2026-10-07T10:05:33Z,test,50542,0,2026-10-08T21:00:00Z,23,155.73,149.53
2026-10-08,2026-10-07T10:16:01Z,scheduled,50542,0,2026-10-07T22:00:00Z,0,147.99,190.39
2026-10-08,2026-10-07T10:16:01Z,scheduled,50542,0,2026-10-07T23:00:00Z,1,137.0,182.0575
2026-10-08,2026-10-07T10:16:01Z,scheduled,50542,0,2026-10-08T00:00:00Z,2,100.55,170.60500000000002
2026-10-08,2026-10-07T10:16:01Z,scheduled,50542,0,2026-10-08T01:00:00Z,3,92.32,167.12
2026-10-08,2026-10-07T10:16:01Z,scheduled,50542,0,2026-10-08T02:00:00Z,4,88.54,159.5
2026-10-08,2026-10-07T10:16:01Z,scheduled,50542,0,2026-10-08T03:00:00Z,5,96.68,166.7175
2026-10-08,2026-10-07T10:16:01Z,scheduled,50542,0,2026-10-08T04:00:00Z,6,141.02,196.78750000000002
2026-10-08,2026-10-07T10:16:01Z,scheduled,50542,0,2026-10-08T05:00:00Z,7,175.31,242.79
2026-10-08,2026-10-07T10:16:01Z,scheduled,50542,0,2026-10-08T06:00:00Z,8,191.03,253.5725
2026-10-08,2026-10-07T10:16:01Z,scheduled,50542,0,2026-10-08T07:00:00Z,9,193.69,224.2725
2026-10-08,2026-10-07T10:16:01Z,scheduled,50542,0,2026-10-08T08:00:00Z,10,178.39,191.3175
2026-10-08,2026-10-07T10:16:01Z,scheduled,50542,0,2026-10-08T09:00:00Z,11,137.75,170.595
2026-10-08,2026-10-07T10:16:01Z,scheduled,50542,0,2026-10-08T10:00:00Z,12,141.82,175.8175
2026-10-08,2026-10-07T10:16:01Z,scheduled,50542,0,2026-10-08T11:00:00Z,13,114.42,148.9
2026-10-08,2026-10-07T10:16:01Z,scheduled,50542,0,2026-10-08T12:00:00Z,14,117.27,150.275
2026-10-08,2026-10-07T10:16:01Z,scheduled,50542,0,2026-10-08T13:00:00Z,15,116.86,159.3225
2026-10-08,2026-10-07T10:16:01Z,scheduled,50542,0,2026-10-08T14:00:00Z,16,115.81,169.78
2026-10-08,2026-10-07T10:16:01Z,scheduled,50542,0,2026-10-08T15:00:00Z,17,153.75,196.6825
2026-10-08,2026-10-07T10:16:01Z,scheduled,50542,0,2026-10-08T16:00:00Z,18,202.81,233.515
2026-10-08,2026-10-07T10:16:01Z,scheduled,50542,0,2026-10-08T17:00:00Z,19,225.68,241.03
2026-10-08,2026-10-07T10:16:01Z,scheduled,50542,0,2026-10-08T18:00:00Z,20,203.4,209.325
2026-10-08,2026-10-07T10:16:01Z,scheduled,50542,0,2026-10-08T19:00:00Z,21,162.42,179.8625
2026-10-08,2026-10-07T10:16:01Z,scheduled,50542,0,2026-10-08T20:00:00Z,22,174.43,177.99
2026-10-08,2026-10-07T10:16:01Z,scheduled,50542,0,2026-10-08T21:00:00Z,23,155.73,149.53
2026-10-08,2026-10-07T10:30:20Z,scheduled,50542,0,2026-10-07T22:00:00Z,0,147.99,190.39
2026-10-08,2026-10-07T10:30:20Z,scheduled,50542,0,2026-10-07T23:00:00Z,1,137.0,182.0575
2026-10-08,2026-10-07T10:30:20Z,scheduled,50542,0,2026-10-08T00:00:00Z,2,100.55,170.60500000000002
2026-10-08,2026-10-07T10:30:20Z,scheduled,50542,0,2026-10-08T01:00:00Z,3,92.32,167.12
2026-10-08,2026-10-07T10:30:20Z,scheduled,50542,0,2026-10-08T02:00:00Z,4,88.54,159.5
2026-10-08,2026-10-07T10:30:20Z,scheduled,50542,0,2026-10-08T03:00:00Z,5,96.68,166.7175
2026-10-08,2026-10-07T10:30:20Z,scheduled,50542,0,2026-10-08T04:00:00Z,6,141.02,196.78750000000002
2026-10-08,2026-10-07T10:30:20Z,scheduled,50542,0,2026-10-08T05:00:00Z,7,175.31,242.79
2026-10-08,2026-10-07T10:30:20Z,scheduled,50542,0,2026-10-08T06:00:00Z,8,191.03,253.5725
2026-10-08,2026-10-07T10:30:20Z,scheduled,50542,0,2026-10-08T07:00:00Z,9,193.69,224.2725
2026-10-08,2026-10-07T10:30:20Z,scheduled,50542,0,2026-10-08T08:00:00Z,10,178.39,191.3175
2026-10-08,2026-10-07T10:30:20Z,scheduled,50542,0,2026-10-08T09:00:00Z,11,137.75,170.595
2026-10-08,2026-10-07T10:30:20Z,scheduled,50542,0,2026-10-08T10:00:00Z,12,141.82,175.8175
2026-10-08,2026-10-07T10:30:20Z,scheduled,50542,0,2026-10-08T11:00:00Z,13,114.42,148.9
2026-10-08,2026-10-07T10:30:20Z,scheduled,50542,0,2026-10-08T12:00:00Z,14,117.27,150.275
2026-10-08,2026-10-07T10:30:20Z,scheduled,50542,0,2026-10-08T13:00:00Z,15,116.86,159.3225
2026-10-08,2026-10-07T10:30:20Z,scheduled,50542,0,2026-10-08T14:00:00Z,16,115.81,169.78
2026-10-08,2026-10-07T10:30:20Z,scheduled,50542,0,2026-10-08T15:00:00Z,17,153.75,196.6825
2026-10-08,2026-10-07T10:30:20Z,scheduled,50542,0,2026-10-08T16:00:00Z,18,202.81,233.515
2026-10-08,2026-10-07T10:30:20Z,scheduled,50542,0,2026-10-08T17:00:00Z,19,225.68,241.03
2026-10-08,2026-10-07T10:30:20Z,scheduled,50542,0,2026-10-08T18:00:00Z,20,203.4,209.325
2026-10-08,2026-10-07T10:30:20Z,scheduled,50542,0,2026-10-08T19:00:00Z,21,162.42,179.8625
2026-10-08,2026-10-07T10:30:20Z,scheduled,50542,0,2026-10-08T20:00:00Z,22,174.43,177.99
2026-10-08,2026-10-07T10:30:20Z,scheduled,50542,0,2026-10-08T21:00:00Z,23,155.73,149.53
2026-10-09,2026-10-08T06:01:04Z,scheduled,50566,1,2026-10-08T22:00:00Z,0,146.11,128.5575
2026-10-09,2026-10-08T06:01:04Z,scheduled,50566,1,2026-10-08T23:00:00Z,1,137.82,93.7425
2026-10-09,2026-10-08T06:01:04Z,scheduled,50566,1,2026-10-09T00:00:00Z,2,106.22,36.0675
2026-10-09,2026-10-08T06:01:04Z,scheduled,50566,1,2026-10-09T01:00:00Z,3,87.9,13.745000000000001
2026-10-09,2026-10-08T06:01:04Z,scheduled,50566,1,2026-10-09T02:00:00Z,4,90.17,6.555
2026-10-09,2026-10-08T06:01:04Z,scheduled,50566,1,2026-10-09T03:00:00Z,5,112.46,32.3375
2026-10-09,2026-10-08T06:01:04Z,scheduled,50566,1,2026-10-09T04:00:00Z,6,154.31,120.44749999999999
2026-10-09,2026-10-08T06:01:04Z,scheduled,50566,1,2026-10-09T05:00:00Z,7,207.74,168.7525
2026-10-09,2026-10-08T06:01:04Z,scheduled,50566,1,2026-10-09T06:00:00Z,8,228.44,195.51749999999998
2026-10-09,2026-10-08T06:01:04Z,scheduled,50566,1,2026-10-09T07:00:00Z,9,213.34,173.6925
2026-10-09,2026-10-08T06:01:04Z,scheduled,50566,1,2026-10-09T08:00:00Z,10,159.67,95.31
2026-10-09,2026-10-08T06:01:04Z,scheduled,50566,1,2026-10-09T09:00:00Z,11,158.85,56.285
2026-10-09,2026-10-08T06:01:04Z,scheduled,50566,1,2026-10-09T10:00:00Z,12,129.6,38.7775
2026-10-09,2026-10-08T06:01:04Z,scheduled,50566,1,2026-10-09T11:00:00Z,13,86.56,2.3
2026-10-09,2026-10-08T06:01:04Z,scheduled,50566,1,2026-10-09T12:00:00Z,14,92.49,22.832500000000003
2026-10-09,2026-10-08T06:01:04Z,scheduled,50566,1,2026-10-09T13:00:00Z,15,92.04,26.5825
2026-10-09,2026-10-08T06:01:04Z,scheduled,50566,1,2026-10-09T14:00:00Z,16,131.78,74.0625
2026-10-09,2026-10-08T06:01:04Z,scheduled,50566,1,2026-10-09T15:00:00Z,17,166.05,148.235
2026-10-09,2026-10-08T06:01:04Z,scheduled,50566,1,2026-10-09T16:00:00Z,18,214.19,200.16
2026-10-09,2026-10-08T06:01:04Z,scheduled,50566,1,2026-10-09T17:00:00Z,19,241.49,235.05
2026-10-09,2026-10-08T06:01:04Z,scheduled,50566,1,2026-10-09T18:00:00Z,20,211.06,205.6
2026-10-09,2026-10-08T06:01:04Z,scheduled,50566,1,2026-10-09T19:00:00Z,21,189.98,185.835
2026-10-09,2026-10-08T06:01:04Z,scheduled,50566,1,2026-10-09T20:00:00Z,22,180.28,171.8525
2026-10-09,2026-10-08T06:01:04Z,scheduled,50566,1,2026-10-09T21:00:00Z,23,162.15,159.685
2026-10-09,2026-10-08T07:00:46Z,scheduled,50566,1,2026-10-08T22:00:00Z,0,146.11,128.5575
2026-10-09,2026-10-08T07:00:46Z,scheduled,50566,1,2026-10-08T23:00:00Z,1,137.82,93.7425
2026-10-09,2026-10-08T07:00:46Z,scheduled,50566,1,2026-10-09T00:00:00Z,2,106.22,36.0675
2026-10-09,2026-10-08T07:00:46Z,scheduled,50566,1,2026-10-09T01:00:00Z,3,87.9,13.745000000000001
2026-10-09,2026-10-08T07:00:46Z,scheduled,50566,1,2026-10-09T02:00:00Z,4,90.17,6.555
2026-10-09,2026-10-08T07:00:46Z,scheduled,50566,1,2026-10-09T03:00:00Z,5,112.46,32.3375
2026-10-09,2026-10-08T07:00:46Z,scheduled,50566,1,2026-10-09T04:00:00Z,6,154.31,120.44749999999999
2026-10-09,2026-10-08T07:00:46Z,scheduled,50566,1,2026-10-09T05:00:00Z,7,207.74,168.7525
2026-10-09,2026-10-08T07:00:46Z,scheduled,50566,1,2026-10-09T06:00:00Z,8,228.44,195.51749999999998
2026-10-09,2026-10-08T07:00:46Z,scheduled,50566,1,2026-10-09T07:00:00Z,9,213.34,173.6925
2026-10-09,2026-10-08T07:00:46Z,scheduled,50566,1,2026-10-09T08:00:00Z,10,159.67,95.31
2026-10-09,2026-10-08T07:00:46Z,scheduled,50566,1,2026-10-09T09:00:00Z,11,158.85,56.285
2026-10-09,2026-10-08T07:00:46Z,scheduled,50566,1,2026-10-09T10:00:00Z,12,129.6,38.7775
2026-10-09,2026-10-08T07:00:46Z,scheduled,50566,1,2026-10-09T11:00:00Z,13,86.56,2.3
2026-10-09,2026-10-08T07:00:46Z,scheduled,50566,1,2026-10-09T12:00:00Z,14,92.49,22.832500000000003
2026-10-09,2026-10-08T07:00:46Z,scheduled,50566,1,2026-10-09T13:00:00Z,15,92.04,26.5825
2026-10-09,2026-10-08T07:00:46Z,scheduled,50566,1,2026-10-09T14:00:00Z,16,131.78,74.0625
2026-10-09,2026-10-08T07:00:46Z,scheduled,50566,1,2026-10-09T15:00:00Z,17,166.05,148.235
2026-10-09,2026-10-08T07:00:46Z,scheduled,50566,1,2026-10-09T16:00:00Z,18,214.19,200.16
2026-10-09,2026-10-08T07:00:46Z,scheduled,50566,1,2026-10-09T17:00:00Z,19,241.49,235.05
2026-10-09,2026-10-08T07:00:46Z,scheduled,50566,1,2026-10-09T18:00:00Z,20,211.06,205.6
2026-10-09,2026-10-08T07:00:46Z,scheduled,50566,1,2026-10-09T19:00:00Z,21,189.98,185.835
2026-10-09,2026-10-08T07:00:46Z,scheduled,50566,1,2026-10-09T20:00:00Z,22,180.28,171.8525
2026-10-09,2026-10-08T07:00:46Z,scheduled,50566,1,2026-10-09T21:00:00Z,23,162.15,159.685
2026-10-09,2026-10-08T12:33:49Z,scheduled,50566,0,2026-10-08T22:00:00Z,0,146.11,128.5575
2026-10-09,2026-10-08T12:33:49Z,scheduled,50566,0,2026-10-08T23:00:00Z,1,135.09,93.7425
2026-10-09,2026-10-08T12:33:49Z,scheduled,50566,0,2026-10-09T00:00:00Z,2,105.31,36.0675
2026-10-09,2026-10-08T12:33:49Z,scheduled,50566,0,2026-10-09T01:00:00Z,3,88.12,13.745000000000001
2026-10-09,2026-10-08T12:33:49Z,scheduled,50566,0,2026-10-09T02:00:00Z,4,89.82,6.555
2026-10-09,2026-10-08T12:33:49Z,scheduled,50566,0,2026-10-09T03:00:00Z,5,110.91,32.3375
2026-10-09,2026-10-08T12:33:49Z,scheduled,50566,0,2026-10-09T04:00:00Z,6,154.31,120.44749999999999
2026-10-09,2026-10-08T12:33:49Z,scheduled,50566,0,2026-10-09T05:00:00Z,7,207.74,168.7525
2026-10-09,2026-10-08T12:33:49Z,scheduled,50566,0,2026-10-09T06:00:00Z,8,228.21,195.51749999999998
2026-10-09,2026-10-08T12:33:49Z,scheduled,50566,0,2026-10-09T07:00:00Z,9,213.34,173.6925
2026-10-09,2026-10-08T12:33:49Z,scheduled,50566,0,2026-10-09T08:00:00Z,10,159.11,95.31
2026-10-09,2026-10-08T12:33:49Z,scheduled,50566,0,2026-10-09T09:00:00Z,11,157.08,56.285
2026-10-09,2026-10-08T12:33:49Z,scheduled,50566,0,2026-10-09T10:00:00Z,12,129.6,38.7775
2026-10-09,2026-10-08T12:33:49Z,scheduled,50566,0,2026-10-09T11:00:00Z,13,85.74,2.3
2026-10-09,2026-10-08T12:33:49Z,scheduled,50566,0,2026-10-09T12:00:00Z,14,92.26,22.832500000000003
2026-10-09,2026-10-08T12:33:49Z,scheduled,50566,0,2026-10-09T13:00:00Z,15,92.04,26.5825
2026-10-09,2026-10-08T12:33:49Z,scheduled,50566,0,2026-10-09T14:00:00Z,16,131.57,74.0625
2026-10-09,2026-10-08T12:33:49Z,scheduled,50566,0,2026-10-09T15:00:00Z,17,165.63,148.235
2026-10-09,2026-10-08T12:33:49Z,scheduled,50566,0,2026-10-09T16:00:00Z,18,214.19,200.16
2026-10-09,2026-10-08T12:33:49Z,scheduled,50566,0,2026-10-09T17:00:00Z,19,241.23,235.05
2026-10-09,2026-10-08T12:33:49Z,scheduled,50566,0,2026-10-09T18:00:00Z,20,210.89,205.6
2026-10-09,2026-10-08T12:33:49Z,scheduled,50566,0,2026-10-09T19:00:00Z,21,189.95,185.835
2026-10-09,2026-10-08T12:33:49Z,scheduled,50566,0,2026-10-09T20:00:00Z,22,180.28,171.8525
2026-10-09,2026-10-08T12:33:49Z,scheduled,50566,0,2026-10-09T21:00:00Z,23,162.15,159.685
2026-10-10,2026-10-09T06:01:02Z,scheduled,50590,1,2026-10-09T22:00:00Z,0,97.88,118.4125
2026-10-10,2026-10-09T06:01:02Z,scheduled,50590,1,2026-10-09T23:00:00Z,1,77.56,98.7775
2026-10-10,2026-10-09T06:01:02Z,scheduled,50590,1,2026-10-10T00:00:00Z,2,74.27,70.28750000000001
2026-10-10,2026-10-09T06:01:02Z,scheduled,50590,1,2026-10-10T01:00:00Z,3,68.54,53.2575
2026-10-10,2026-10-09T06:01:02Z,scheduled,50590,1,2026-10-10T02:00:00Z,4,56.13,33.19
2026-10-10,2026-10-09T06:01:02Z,scheduled,50590,1,2026-10-10T03:00:00Z,5,57.2,37.9075
2026-10-10,2026-10-09T06:01:02Z,scheduled,50590,1,2026-10-10T04:00:00Z,6,71.14,85.2675
2026-10-10,2026-10-09T06:01:02Z,scheduled,50590,1,2026-10-10T05:00:00Z,7,92.51,143.1325
2026-10-10,2026-10-09T06:01:02Z,scheduled,50590,1,2026-10-10T06:00:00Z,8,98.48,157.755
2026-10-10,2026-10-09T06:01:02Z,scheduled,50590,1,2026-10-10T07:00:00Z,9,89.74,120.8975
2026-10-10,2026-10-09T06:01:02Z,scheduled,50590,1,2026-10-10T08:00:00Z,10,80.14,94.6975
2026-10-10,2026-10-09T06:01:02Z,scheduled,50590,1,2026-10-10T09:00:00Z,11,67.54,63.8025
2026-10-10,2026-10-09T06:01:02Z,scheduled,50590,1,2026-10-10T10:00:00Z,12,41.36,44.3775
2026-10-10,2026-10-09T06:01:02Z,scheduled,50590,1,2026-10-10T11:00:00Z,13,9.01,18.9775
2026-10-10,2026-10-09T06:01:02Z,scheduled,50590,1,2026-10-10T12:00:00Z,14,15.63,31.495
2026-10-10,2026-10-09T06:01:02Z,scheduled,50590,1,2026-10-10T13:00:00Z,15,19.12,16.45
2026-10-10,2026-10-09T06:01:02Z,scheduled,50590,1,2026-10-10T14:00:00Z,16,25.07,21.325
2026-10-10,2026-10-09T06:01:02Z,scheduled,50590,1,2026-10-10T15:00:00Z,17,69.36,60.1575
2026-10-10,2026-10-09T06:01:02Z,scheduled,50590,1,2026-10-10T16:00:00Z,18,118.62,104.33500000000001
2026-10-10,2026-10-09T06:01:02Z,scheduled,50590,1,2026-10-10T17:00:00Z,19,135.73,126.395
2026-10-10,2026-10-09T06:01:02Z,scheduled,50590,1,2026-10-10T18:00:00Z,20,122.85,108.5725
2026-10-10,2026-10-09T06:01:02Z,scheduled,50590,1,2026-10-10T19:00:00Z,21,105.93,88.0375
2026-10-10,2026-10-09T06:01:02Z,scheduled,50590,1,2026-10-10T20:00:00Z,22,104.0,74.4975
2026-10-10,2026-10-09T06:01:02Z,scheduled,50590,1,2026-10-10T21:00:00Z,23,80.12,41.39
2026-10-10,2026-10-09T07:01:06Z,scheduled,50590,1,2026-10-09T22:00:00Z,0,97.88,118.4125
2026-10-10,2026-10-09T07:01:06Z,scheduled,50590,1,2026-10-09T23:00:00Z,1,77.56,98.7775
2026-10-10,2026-10-09T07:01:06Z,scheduled,50590,1,2026-10-10T00:00:00Z,2,74.27,70.28750000000001
2026-10-10,2026-10-09T07:01:06Z,scheduled,50590,1,2026-10-10T01:00:00Z,3,68.54,53.2575
2026-10-10,2026-10-09T07:01:06Z,scheduled,50590,1,2026-10-10T02:00:00Z,4,56.13,33.19
2026-10-10,2026-10-09T07:01:06Z,scheduled,50590,1,2026-10-10T03:00:00Z,5,57.2,37.9075
2026-10-10,2026-10-09T07:01:06Z,scheduled,50590,1,2026-10-10T04:00:00Z,6,71.14,85.2675
2026-10-10,2026-10-09T07:01:06Z,scheduled,50590,1,2026-10-10T05:00:00Z,7,92.51,143.1325
2026-10-10,2026-10-09T07:01:06Z,scheduled,50590,1,2026-10-10T06:00:00Z,8,98.48,157.755
2026-10-10,2026-10-09T07:01:06Z,scheduled,50590,1,2026-10-10T07:00:00Z,9,89.74,120.8975
2026-10-10,2026-10-09T07:01:06Z,scheduled,50590,1,2026-10-10T08:00:00Z,10,80.14,94.6975
2026-10-10,2026-10-09T07:01:06Z,scheduled,50590,1,2026-10-10T09:00:00Z,11,67.54,63.8025
2026-10-10,2026-10-09T07:01:06Z,scheduled,50590,1,2026-10-10T10:00:00Z,12,41.36,44.3775
2026-10-10,2026-10-09T07:01:06Z,scheduled,50590,1,2026-10-10T11:00:00Z,13,9.01,18.9775
2026-10-10,2026-10-09T07:01:06Z,scheduled,50590,1,2026-10-10T12:00:00Z,14,15.63,31.495
2026-10-10,2026-10-09T07:01:06Z,scheduled,50590,1,2026-10-10T13:00:00Z,15,19.12,16.45
2026-10-10,2026-10-09T07:01:06Z,scheduled,50590,1,2026-10-10T14:00:00Z,16,25.07,21.325
2026-10-10,2026-10-09T07:01:06Z,scheduled,50590,1,2026-10-10T15:00:00Z,17,69.36,60.1575
2026-10-10,2026-10-09T07:01:06Z,scheduled,50590,1,2026-10-10T16:00:00Z,18,118.62,104.33500000000001
2026-10-10,2026-10-09T07:01:06Z,scheduled,50590,1,2026-10-10T17:00:00Z,19,135.73,126.395
2026-10-10,2026-10-09T07:01:06Z,scheduled,50590,1,2026-10-10T18:00:00Z,20,122.85,108.5725
2026-10-10,2026-10-09T07:01:06Z,scheduled,50590,1,2026-10-10T19:00:00Z,21,105.93,88.0375
2026-10-10,2026-10-09T07:01:06Z,scheduled,50590,1,2026-10-10T20:00:00Z,22,104.0,74.4975
2026-10-10,2026-10-09T07:01:06Z,scheduled,50590,1,2026-10-10T21:00:00Z,23,80.12,41.39
2026-10-10,2026-10-09T08:00:52Z,scheduled,50590,1,2026-10-09T22:00:00Z,0,97.88,118.4125
2026-10-10,2026-10-09T08:00:52Z,scheduled,50590,1,2026-10-09T23:00:00Z,1,77.56,98.7775
2026-10-10,2026-10-09T08:00:52Z,scheduled,50590,1,2026-10-10T00:00:00Z,2,74.27,70.28750000000001
2026-10-10,2026-10-09T08:00:52Z,scheduled,50590,1,2026-10-10T01:00:00Z,3,68.54,53.2575
2026-10-10,2026-10-09T08:00:52Z,scheduled,50590,1,2026-10-10T02:00:00Z,4,56.13,33.19
2026-10-10,2026-10-09T08:00:52Z,scheduled,50590,1,2026-10-10T03:00:00Z,5,57.2,37.9075
2026-10-10,2026-10-09T08:00:52Z,scheduled,50590,1,2026-10-10T04:00:00Z,6,71.14,85.2675
2026-10-10,2026-10-09T08:00:52Z,scheduled,50590,1,2026-10-10T05:00:00Z,7,92.51,143.1325
2026-10-10,2026-10-09T08:00:52Z,scheduled,50590,1,2026-10-10T06:00:00Z,8,98.48,157.755
2026-10-10,2026-10-09T08:00:52Z,scheduled,50590,1,2026-10-10T07:00:00Z,9,89.74,120.8975
2026-10-10,2026-10-09T08:00:52Z,scheduled,50590,1,2026-10-10T08:00:00Z,10,80.14,94.6975
2026-10-10,2026-10-09T08:00:52Z,scheduled,50590,1,2026-10-10T09:00:00Z,11,67.54,63.8025
2026-10-10,2026-10-09T08:00:52Z,scheduled,50590,1,2026-10-10T10:00:00Z,12,41.36,44.3775
2026-10-10,2026-10-09T08:00:52Z,scheduled,50590,1,2026-10-10T11:00:00Z,13,9.01,18.9775
2026-10-10,2026-10-09T08:00:52Z,scheduled,50590,1,2026-10-10T12:00:00Z,14,15.63,31.495
2026-10-10,2026-10-09T08:00:52Z,scheduled,50590,1,2026-10-10T13:00:00Z,15,19.12,16.45
2026-10-10,2026-10-09T08:00:52Z,scheduled,50590,1,2026-10-10T14:00:00Z,16,25.07,21.325
2026-10-10,2026-10-09T08:00:52Z,scheduled,50590,1,2026-10-10T15:00:00Z,17,69.36,60.1575
2026-10-10,2026-10-09T08:00:52Z,scheduled,50590,1,2026-10-10T16:00:00Z,18,118.62,104.33500000000001
2026-10-10,2026-10-09T08:00:52Z,scheduled,50590,1,2026-10-10T17:00:00Z,19,135.73,126.395
2026-10-10,2026-10-09T08:00:52Z,scheduled,50590,1,2026-10-10T18:00:00Z,20,122.85,108.5725
2026-10-10,2026-10-09T08:00:52Z,scheduled,50590,1,2026-10-10T19:00:00Z,21,105.93,88.0375
2026-10-10,2026-10-09T08:00:52Z,scheduled,50590,1,2026-10-10T20:00:00Z,22,104.0,74.4975
2026-10-10,2026-10-09T08:00:52Z,scheduled,50590,1,2026-10-10T21:00:00Z,23,80.12,41.39
2026-10-10,2026-10-09T09:00:55Z,scheduled,50590,1,2026-10-09T22:00:00Z,0,97.88,118.4125
2026-10-10,2026-10-09T09:00:55Z,scheduled,50590,1,2026-10-09T23:00:00Z,1,77.56,98.7775
2026-10-10,2026-10-09T09:00:55Z,scheduled,50590,1,2026-10-10T00:00:00Z,2,74.27,70.28750000000001
2026-10-10,2026-10-09T09:00:55Z,scheduled,50590,1,2026-10-10T01:00:00Z,3,68.54,53.2575
2026-10-10,2026-10-09T09:00:55Z,scheduled,50590,1,2026-10-10T02:00:00Z,4,56.13,33.19
2026-10-10,2026-10-09T09:00:55Z,scheduled,50590,1,2026-10-10T03:00:00Z,5,57.2,37.9075
2026-10-10,2026-10-09T09:00:55Z,scheduled,50590,1,2026-10-10T04:00:00Z,6,71.14,85.2675
2026-10-10,2026-10-09T09:00:55Z,scheduled,50590,1,2026-10-10T05:00:00Z,7,92.51,143.1325
2026-10-10,2026-10-09T09:00:55Z,scheduled,50590,1,2026-10-10T06:00:00Z,8,98.48,157.755
2026-10-10,2026-10-09T09:00:55Z,scheduled,50590,1,2026-10-10T07:00:00Z,9,89.74,120.8975
2026-10-10,2026-10-09T09:00:55Z,scheduled,50590,1,2026-10-10T08:00:00Z,10,80.14,94.6975
2026-10-10,2026-10-09T09:00:55Z,scheduled,50590,1,2026-10-10T09:00:00Z,11,67.54,63.8025
2026-10-10,2026-10-09T09:00:55Z,scheduled,50590,1,2026-10-10T10:00:00Z,12,41.36,44.3775
2026-10-10,2026-10-09T09:00:55Z,scheduled,50590,1,2026-10-10T11:00:00Z,13,9.01,18.9775
2026-10-10,2026-10-09T09:00:55Z,scheduled,50590,1,2026-10-10T12:00:00Z,14,15.63,31.495
2026-10-10,2026-10-09T09:00:55Z,scheduled,50590,1,2026-10-10T13:00:00Z,15,19.12,16.45
2026-10-10,2026-10-09T09:00:55Z,scheduled,50590,1,2026-10-10T14:00:00Z,16,25.07,21.325
2026-10-10,2026-10-09T09:00:55Z,scheduled,50590,1,2026-10-10T15:00:00Z,17,69.36,60.1575
2026-10-10,2026-10-09T09:00:55Z,scheduled,50590,1,2026-10-10T16:00:00Z,18,118.62,104.33500000000001
2026-10-10,2026-10-09T09:00:55Z,scheduled,50590,1,2026-10-10T17:00:00Z,19,135.73,126.395
2026-10-10,2026-10-09T09:00:55Z,scheduled,50590,1,2026-10-10T18:00:00Z,20,122.85,108.5725
2026-10-10,2026-10-09T09:00:55Z,scheduled,50590,1,2026-10-10T19:00:00Z,21,105.93,88.0375
2026-10-10,2026-10-09T09:00:55Z,scheduled,50590,1,2026-10-10T20:00:00Z,22,104.0,74.4975
2026-10-10,2026-10-09T09:00:55Z,scheduled,50590,1,2026-10-10T21:00:00Z,23,80.12,41.39
2026-10-10,2026-10-09T14:17:02Z,scheduled,50590,0,2026-10-09T22:00:00Z,0,97.88,118.4125
2026-10-10,2026-10-09T14:17:02Z,scheduled,50590,0,2026-10-09T23:00:00Z,1,77.56,98.7775
2026-10-10,2026-10-09T14:17:02Z,scheduled,50590,0,2026-10-10T00:00:00Z,2,74.27,70.28750000000001
2026-10-10,2026-10-09T14:17:02Z,scheduled,50590,0,2026-10-10T01:00:00Z,3,68.54,53.2575
2026-10-10,2026-10-09T14:17:02Z,scheduled,50590,0,2026-10-10T02:00:00Z,4,56.03,33.19
2026-10-10,2026-10-09T14:17:02Z,scheduled,50590,0,2026-10-10T03:00:00Z,5,57.1,37.9075
2026-10-10,2026-10-09T14:17:02Z,scheduled,50590,0,2026-10-10T04:00:00Z,6,71.0,85.2675
2026-10-10,2026-10-09T14:17:02Z,scheduled,50590,0,2026-10-10T05:00:00Z,7,91.93,143.1325
2026-10-10,2026-10-09T14:17:02Z,scheduled,50590,0,2026-10-10T06:00:00Z,8,96.78,157.755
2026-10-10,2026-10-09T14:17:02Z,scheduled,50590,0,2026-10-10T07:00:00Z,9,86.48,120.8975
2026-10-10,2026-10-09T14:17:02Z,scheduled,50590,0,2026-10-10T08:00:00Z,10,79.6,94.6975
2026-10-10,2026-10-09T14:17:02Z,scheduled,50590,0,2026-10-10T09:00:00Z,11,67.45,63.8025
2026-10-10,2026-10-09T14:17:02Z,scheduled,50590,0,2026-10-10T10:00:00Z,12,41.29,44.3775
2026-10-10,2026-10-09T14:17:02Z,scheduled,50590,0,2026-10-10T11:00:00Z,13,9.32,18.9775
2026-10-10,2026-10-09T14:17:02Z,scheduled,50590,0,2026-10-10T12:00:00Z,14,16.46,31.495
2026-10-10,2026-10-09T14:17:02Z,scheduled,50590,0,2026-10-10T13:00:00Z,15,19.25,16.45
2026-10-10,2026-10-09T14:17:02Z,scheduled,50590,0,2026-10-10T14:00:00Z,16,24.88,21.325
2026-10-10,2026-10-09T14:17:02Z,scheduled,50590,0,2026-10-10T15:00:00Z,17,69.36,60.1575
2026-10-10,2026-10-09T14:17:02Z,scheduled,50590,0,2026-10-10T16:00:00Z,18,118.64,104.33500000000001
2026-10-10,2026-10-09T14:17:02Z,scheduled,50590,0,2026-10-10T17:00:00Z,19,135.83,126.395
2026-10-10,2026-10-09T14:17:02Z,scheduled,50590,0,2026-10-10T18:00:00Z,20,122.85,108.5725
2026-10-10,2026-10-09T14:17:02Z,scheduled,50590,0,2026-10-10T19:00:00Z,21,105.36,88.0375
2026-10-10,2026-10-09T14:17:02Z,scheduled,50590,0,2026-10-10T20:00:00Z,22,101.41,74.4975
2026-10-10,2026-10-09T14:17:02Z,scheduled,50590,0,2026-10-10T21:00:00Z,23,80.13,41.39
2026-10-10,2026-10-09T16:20:32Z,scheduled,0,0,2026-10-09T22:00:00Z,0,110.81,118.4125
2026-10-10,2026-10-09T16:20:32Z,scheduled,0,0,2026-10-09T23:00:00Z,1,90.08,98.7775
2026-10-10,2026-10-09T16:20:32Z,scheduled,0,0,2026-10-10T00:00:00Z,2,77.28,70.28750000000001
2026-10-10,2026-10-09T16:20:32Z,scheduled,0,0,2026-10-10T01:00:00Z,3,76.79,53.2575
2026-10-10,2026-10-09T16:20:32Z,scheduled,0,0,2026-10-10T02:00:00Z,4,62.16,33.19
2026-10-10,2026-10-09T16:20:32Z,scheduled,0,0,2026-10-10T03:00:00Z,5,61.66,37.9075
2026-10-10,2026-10-09T16:20:32Z,scheduled,0,0,2026-10-10T04:00:00Z,6,82.45,85.2675
2026-10-10,2026-10-09T16:20:32Z,scheduled,0,0,2026-10-10T05:00:00Z,7,113.4,143.1325
2026-10-10,2026-10-09T16:20:32Z,scheduled,0,0,2026-10-10T06:00:00Z,8,115.42,157.755
2026-10-10,2026-10-09T16:20:32Z,scheduled,0,0,2026-10-10T07:00:00Z,9,103.35,120.8975
2026-10-10,2026-10-09T16:20:32Z,scheduled,0,0,2026-10-10T08:00:00Z,10,96.47,94.6975
2026-10-10,2026-10-09T16:20:32Z,scheduled,0,0,2026-10-10T09:00:00Z,11,79.31,63.8025
2026-10-10,2026-10-09T16:20:32Z,scheduled,0,0,2026-10-10T10:00:00Z,12,50.58,44.3775
2026-10-10,2026-10-09T16:20:32Z,scheduled,0,0,2026-10-10T11:00:00Z,13,21.54,18.9775
2026-10-10,2026-10-09T16:20:32Z,scheduled,0,0,2026-10-10T12:00:00Z,14,30.08,31.495
2026-10-10,2026-10-09T16:20:32Z,scheduled,0,0,2026-10-10T13:00:00Z,15,32.09,16.45
2026-10-10,2026-10-09T16:20:32Z,scheduled,0,0,2026-10-10T14:00:00Z,16,44.24,21.325
2026-10-10,2026-10-09T16:20:32Z,scheduled,0,0,2026-10-10T15:00:00Z,17,76.08,60.1575
2026-10-10,2026-10-09T16:20:32Z,scheduled,0,0,2026-10-10T16:00:00Z,18,118.18,104.335
2026-10-10,2026-10-09T16:20:32Z,scheduled,0,0,2026-10-10T17:00:00Z,19,138.57,126.395
2026-10-10,2026-10-09T16:20:32Z,scheduled,0,0,2026-10-10T18:00:00Z,20,122.06,108.5725
2026-10-10,2026-10-09T16:20:32Z,scheduled,0,0,2026-10-10T19:00:00Z,21,100.98,88.0375
2026-10-10,2026-10-09T16:20:32Z,scheduled,0,0,2026-10-10T20:00:00Z,22,96.69,74.4975
2026-10-10,2026-10-09T16:20:32Z,scheduled,0,0,2026-10-10T21:00:00Z,23,83.26,41.39
2026-10-10,2026-10-09T17:55:04Z,manual,0,0,2026-10-09T22:00:00Z,0,88.76,118.4125
2026-10-10,2026-10-09T17:55:04Z,manual,0,0,2026-10-09T23:00:00Z,1,69.93,98.7775
2026-10-10,2026-10-09T17:55:04Z,manual,0,0,2026-10-10T00:00:00Z,2,64.35,70.28750000000001
2026-10-10,2026-10-09T17:55:04Z,manual,0,0,2026-10-10T01:00:00Z,3,62.86,53.2575
2026-10-10,2026-10-09T17:55:04Z,manual,0,0,2026-10-10T02:00:00Z,4,49.83,33.19
2026-10-10,2026-10-09T17:55:04Z,manual,0,0,2026-10-10T03:00:00Z,5,53.09,37.9075
2026-10-10,2026-10-09T17:55:04Z,manual,0,0,2026-10-10T04:00:00Z,6,72.93,85.2675
2026-10-10,2026-10-09T17:55:04Z,manual,0,0,2026-10-10T05:00:00Z,7,105.15,143.1325
2026-10-10,2026-10-09T17:55:04Z,manual,0,0,2026-10-10T06:00:00Z,8,110.73,157.755
2026-10-10,2026-10-09T17:55:04Z,manual,0,0,2026-10-10T07:00:00Z,9,100.33,120.8975
2026-10-10,2026-10-09T17:55:04Z,manual,0,0,2026-10-10T08:00:00Z,10,87.08,94.6975
2026-10-10,2026-10-09T17:55:04Z,manual,0,0,2026-10-10T09:00:00Z,11,65.76,63.8025
2026-10-10,2026-10-09T17:55:04Z,manual,0,0,2026-10-10T10:00:00Z,12,35.86,44.3775
2026-10-10,2026-10-09T17:55:04Z,manual,0,0,2026-10-10T11:00:00Z,13,11.76,18.9775
2026-10-10,2026-10-09T17:55:04Z,manual,0,0,2026-10-10T12:00:00Z,14,18.48,31.495
2026-10-10,2026-10-09T17:55:04Z,manual,0,0,2026-10-10T13:00:00Z,15,16.14,16.45
2026-10-10,2026-10-09T17:55:04Z,manual,0,0,2026-10-10T14:00:00Z,16,28.57,21.325
2026-10-10,2026-10-09T17:55:04Z,manual,0,0,2026-10-10T15:00:00Z,17,59.57,60.1575
2026-10-10,2026-10-09T17:55:04Z,manual,0,0,2026-10-10T16:00:00Z,18,115.77,104.33500000000001
2026-10-10,2026-10-09T17:55:04Z,manual,0,0,2026-10-10T17:00:00Z,19,140.51,126.395
2026-10-10,2026-10-09T17:55:04Z,manual,0,0,2026-10-10T18:00:00Z,20,129.91,108.5725
2026-10-10,2026-10-09T17:55:04Z,manual,0,0,2026-10-10T19:00:00Z,21,101.47,88.0375
2026-10-10,2026-10-09T17:55:04Z,manual,0,0,2026-10-10T20:00:00Z,22,97.41,74.4975
2026-10-10,2026-10-09T17:55:04Z,manual,0,0,2026-10-10T21:00:00Z,23,80.86,41.39
2026-10-10,2026-10-09T20:47:52Z,manual,0,0,2026-10-09T22:00:00Z,0,103.1,118.4125
2026-10-10,2026-10-09T20:47:52Z,manual,0,0,2026-10-09T23:00:00Z,1,81.11,98.7775
2026-10-10,2026-10-09T20:47:52Z,manual,0,0,2026-10-10T00:00:00Z,2,72.58,70.28750000000001
2026-10-10,2026-10-09T20:47:52Z,manual,0,0,2026-10-10T01:00:00Z,3,61.97,53.2575
2026-10-10,2026-10-09T20:47:52Z,manual,0,0,2026-10-10T02:00:00Z,4,51.24,33.19
2026-10-10,2026-10-09T20:47:52Z,manual,0,0,2026-10-10T03:00:00Z,5,51.87,37.9075
2026-10-10,2026-10-09T20:47:52Z,manual,0,0,2026-10-10T04:00:00Z,6,78.07,85.2675
2026-10-10,2026-10-09T20:47:52Z,manual,0,0,2026-10-10T05:00:00Z,7,114.54,143.1325
2026-10-10,2026-10-09T20:47:52Z,manual,0,0,2026-10-10T06:00:00Z,8,116.4,157.755
2026-10-10,2026-10-09T20:47:52Z,manual,0,0,2026-10-10T07:00:00Z,9,105.32,120.8975
2026-10-10,2026-10-09T20:47:52Z,manual,0,0,2026-10-10T08:00:00Z,10,97.28,94.6975
2026-10-10,2026-10-09T20:47:52Z,manual,0,0,2026-10-10T09:00:00Z,11,82.13,63.8025
2026-10-10,2026-10-09T20:47:52Z,manual,0,0,2026-10-10T10:00:00Z,12,52.32,44.3775
2026-10-10,2026-10-09T20:47:52Z,manual,0,0,2026-10-10T11:00:00Z,13,24.99,18.9775
2026-10-10,2026-10-09T20:47:52Z,manual,0,0,2026-10-10T12:00:00Z,14,27.12,31.495
2026-10-10,2026-10-09T20:47:52Z,manual,0,0,2026-10-10T13:00:00Z,15,35.73,16.45
2026-10-10,2026-10-09T20:47:52Z,manual,0,0,2026-10-10T14:00:00Z,16,52.66,21.325
2026-10-10,2026-10-09T20:47:52Z,manual,0,0,2026-10-10T15:00:00Z,17,92.29,60.1575
2026-10-10,2026-10-09T20:47:52Z,manual,0,0,2026-10-10T16:00:00Z,18,136.31,104.33500000000001
2026-10-10,2026-10-09T20:47:52Z,manual,0,0,2026-10-10T17:00:00Z,19,148.18,126.395
2026-10-10,2026-10-09T20:47:52Z,manual,0,0,2026-10-10T18:00:00Z,20,143.88,108.5725
2026-10-10,2026-10-09T20:47:52Z,manual,0,0,2026-10-10T19:00:00Z,21,135.25,88.0375
2026-10-10,2026-10-09T20:47:52Z,manual,0,0,2026-10-10T20:00:00Z,22,133.88,74.4975
2026-10-10,2026-10-09T20:47:52Z,manual,0,0,2026-10-10T21:00:00Z,23,108.96,41.39
