delivery_day,issued_at_utc,feature_set,hours,mae,rmse,naive_mae,naive_rmse,mae_below_baseline,settled_at_utc,premarket,model
2026-10-08,2026-10-07T10:05:33Z,honest,24,44.14760416666667,57.939641341676285,81.16781250000001,96.0035031112689,1,2026-10-07T13:00:36Z,0,gbm
2026-10-08,2026-10-07T10:16:01Z,honest,24,44.14760416666667,57.939641341676285,81.16781250000001,96.0035031112689,1,2026-10-07T13:00:36Z,0,gbm
2026-10-08,2026-10-07T10:30:20Z,honest,24,44.14760416666667,57.939641341676285,81.16781250000001,96.0035031112689,1,2026-10-07T13:00:36Z,0,gbm
2026-10-09,2026-10-08T06:01:04Z,honest,24,78.63770833333334,83.16345267879596,44.89364583333333,59.24174150206859,0,2026-10-08T13:00:47Z,1,gbm
2026-10-09,2026-10-08T07:00:46Z,honest,24,78.63770833333334,83.16345267879596,44.89364583333333,59.24174150206859,0,2026-10-08T13:00:47Z,1,gbm
2026-10-09,2026-10-08T12:33:49Z,honest,24,78.22020833333333,82.82816310365092,44.89364583333333,59.24174150206859,0,2026-10-08T13:00:47Z,0,gbm
2026-10-10,2026-10-09T06:01:02Z,honest,24,38.18697916666667,40.98363873560297,49.99989583333333,56.25413403558667,1,2026-10-09T14:16:50Z,1,gbm
2026-10-10,2026-10-09T07:01:06Z,honest,24,38.18697916666667,40.98363873560297,49.99989583333333,56.25413403558667,1,2026-10-09T14:16:50Z,1,gbm
2026-10-10,2026-10-09T08:00:52Z,honest,24,38.18697916666667,40.98363873560297,49.99989583333333,56.25413403558667,1,2026-10-09T14:16:50Z,1,gbm
2026-10-10,2026-10-09T09:00:55Z,honest,24,38.18697916666667,40.98363873560297,49.99989583333333,56.25413403558667,1,2026-10-09T14:16:50Z,1,gbm
2026-10-10,2026-10-09T14:17:02Z,honest,24,38.084062499999995,40.8041702353295,49.99989583333333,56.25413403558667,1,2026-10-10T13:00:56Z,0,gbm
2026-10-10,2026-10-09T16:20:32Z,honest,24,47.37947916666667,50.296906509516894,49.99989583333333,56.25413403558667,1,2026-10-10T13:00:56Z,0,gbm
2026-10-10,2026-10-09T17:55:04Z,honest,24,37.84614583333333,40.63758743774557,49.99989583333333,56.25413403558667,1,2026-10-10T13:00:56Z,0,gbm:honest.txt
2026-10-10,2026-10-09T20:47:52Z,honest,24,40.5684375,47.064949275022244,49.99989583333333,56.25413403558667,1,2026-10-10T13:00:56Z,0,gbm:honest.txt
