delivery_day,issued_at_utc,kind,train_hours,timestamp_utc,hour,forecast,naive_day
2026-10-10,2026-10-09T16:20:32Z,scheduled,0,2026-10-09T22:00:00Z,0,110.81,118.4125
2026-10-10,2026-10-09T16:20:32Z,scheduled,0,2026-10-09T23:00:00Z,1,90.08,98.7775
2026-10-10,2026-10-09T16:20:32Z,scheduled,0,2026-10-10T00:00:00Z,2,77.28,70.28750000000001
2026-10-10,2026-10-09T16:20:32Z,scheduled,0,2026-10-10T01:00:00Z,3,76.79,53.2575
2026-10-10,2026-10-09T16:20:32Z,scheduled,0,2026-10-10T02:00:00Z,4,62.16,33.19
2026-10-10,2026-10-09T16:20:32Z,scheduled,0,2026-10-10T03:00:00Z,5,61.66,37.9075
2026-10-10,2026-10-09T16:20:32Z,scheduled,0,2026-10-10T04:00:00Z,6,82.45,85.2675
2026-10-10,2026-10-09T16:20:32Z,scheduled,0,2026-10-10T05:00:00Z,7,113.4,143.1325
2026-10-10,2026-10-09T16:20:32Z,scheduled,0,2026-10-10T06:00:00Z,8,115.42,157.755
2026-10-10,2026-10-09T16:20:32Z,scheduled,0,2026-10-10T07:00:00Z,9,103.35,120.8975
2026-10-10,2026-10-09T16:20:32Z,scheduled,0,2026-10-10T08:00:00Z,10,96.47,94.6975
2026-10-10,2026-10-09T16:20:32Z,scheduled,0,2026-10-10T09:00:00Z,11,79.31,63.8025
2026-10-10,2026-10-09T16:20:32Z,scheduled,0,2026-10-10T10:00:00Z,12,50.58,44.3775
2026-10-10,2026-10-09T16:20:32Z,scheduled,0,2026-10-10T11:00:00Z,13,21.54,18.9775
2026-10-10,2026-10-09T16:20:32Z,scheduled,0,2026-10-10T12:00:00Z,14,30.08,31.495
2026-10-10,2026-10-09T16:20:32Z,scheduled,0,2026-10-10T13:00:00Z,15,32.09,16.45
2026-10-10,2026-10-09T16:20:32Z,scheduled,0,2026-10-10T14:00:00Z,16,44.24,21.325
2026-10-10,2026-10-09T16:20:32Z,scheduled,0,2026-10-10T15:00:00Z,17,76.08,60.1575
2026-10-10,2026-10-09T16:20:32Z,scheduled,0,2026-10-10T16:00:00Z,18,118.18,104.33500000000001
2026-10-10,2026-10-09T16:20:32Z,scheduled,0,2026-10-10T17:00:00Z,19,138.57,126.395
2026-10-10,2026-10-09T16:20:32Z,scheduled,0,2026-10-10T18:00:00Z,20,122.06,108.5725
2026-10-10,2026-10-09T16:20:32Z,scheduled,0,2026-10-10T19:00:00Z,21,100.98,88.0375
2026-10-10,2026-10-09T16:20:32Z,scheduled,0,2026-10-10T20:00:00Z,22,96.69,74.4975
2026-10-10,2026-10-09T16:20:32Z,scheduled,0,2026-10-10T21:00:00Z,23,83.26,41.39
